{
    "dc_per_class_pp_all": {
        "1": 0.8997856563181288,
        "2": 0.9485127088806354,
        "3": 0.939588191606009
    },
    "dc_per_class_pp_per_class": {
        "1": 0.8304435148929544,
        "2": 0.9485355283959152,
        "3": 0.8963062043483174
    },
    "dc_per_class_raw": {
        "1": 0.8997856563181288,
        "2": 0.9485142361441544,
        "3": 0.939588191606009
    },
    "for_which_classes": [
        2
    ],
    "min_valid_object_sizes": "None",
    "num_samples": 15,
    "validation_final": "cv_niftis_postprocessed",
    "validation_raw": "cv_niftis_raw"
}