{
    "dc_per_class_pp_all": {
        "1": 0.9255760930772418,
        "2": 0.9494327393254934,
        "3": 0.9433599883350685
    },
    "dc_per_class_pp_per_class": {
        "1": 0.859786697136515,
        "2": 0.9494606705525513,
        "3": 0.9104060076391969
    },
    "dc_per_class_raw": {
        "1": 0.9255760930772418,
        "2": 0.9494358616631903,
        "3": 0.9433599883350685
    },
    "for_which_classes": [
        2
    ],
    "min_valid_object_sizes": "None",
    "num_samples": 3,
    "validation_final": "validation_raw_postprocessed",
    "validation_raw": "validation_raw"
}