{
    "dc_per_class_pp_all": {
        "1": 0.8776299732195331,
        "2": 0.9490648056637431,
        "3": 0.9333821367597531
    },
    "dc_per_class_pp_per_class": {
        "1": 0.7865509515672988,
        "2": 0.9491035700574305,
        "3": 0.8999869982286168
    },
    "dc_per_class_raw": {
        "1": 0.8776299732195331,
        "2": 0.9490653332501201,
        "3": 0.9333821367597531
    },
    "for_which_classes": [
        2
    ],
    "min_valid_object_sizes": "None",
    "num_samples": 3,
    "validation_final": "validation_raw_postprocessed",
    "validation_raw": "validation_raw"
}