{
    "dc_per_class_pp_all": {
        "1": 0.8779888377041388,
        "2": 0.948194037842906,
        "3": 0.9331200712249631
    },
    "dc_per_class_pp_per_class": {
        "1": 0.787270179262607,
        "2": 0.9482341347991827,
        "3": 0.8998561962487495
    },
    "dc_per_class_raw": {
        "1": 0.8779888377041388,
        "2": 0.9481943097662356,
        "3": 0.9331200712249631
    },
    "for_which_classes": [
        2
    ],
    "min_valid_object_sizes": "None",
    "num_samples": 3,
    "validation_final": "validation_raw_postprocessed",
    "validation_raw": "validation_raw"
}