{
    "dc_per_class_pp_all": {
        "1": 0.8975800112541773,
        "2": 0.9486599818899825,
        "3": 0.9436156100908372
    },
    "dc_per_class_pp_per_class": {
        "1": 0.8504713988151137,
        "2": 0.9486924070566177,
        "3": 0.8924176101572692
    },
    "dc_per_class_raw": {
        "1": 0.8975800112541773,
        "2": 0.9486589659882886,
        "3": 0.9436156100908372
    },
    "for_which_classes": [
        [
            1,
            2,
            3
        ],
        2
    ],
    "min_valid_object_sizes": "None",
    "num_samples": 3,
    "validation_final": "validation_raw_postprocessed",
    "validation_raw": "validation_raw"
}