{
    "dc_per_class_pp_all": {
        "1": 0.8958718939376338,
        "2": 0.9470137315253547,
        "3": 0.9423759481262578
    },
    "dc_per_class_pp_per_class": {
        "1": 0.8490132757626071,
        "2": 0.9470461089434051,
        "3": 0.891592123110228
    },
    "dc_per_class_raw": {
        "1": 0.8958718939376338,
        "2": 0.9470122945796833,
        "3": 0.9423759481262578
    },
    "for_which_classes": [
        [
            1,
            2,
            3
        ],
        2
    ],
    "min_valid_object_sizes": "None",
    "num_samples": 3,
    "validation_final": "validation_raw_postprocessed",
    "validation_raw": "validation_raw"
}