{
    "dc_per_class_pp_all": {
        "1": 0.9099180077927803,
        "2": 0.952170776018359,
        "3": 0.9381777463267463
    },
    "dc_per_class_pp_per_class": {
        "1": 0.8315666003174537,
        "2": 0.9521751315313557,
        "3": 0.888751985943444
    },
    "dc_per_class_raw": {
        "1": 0.9099180077927803,
        "2": 0.952176823629808,
        "3": 0.9381777463267463
    },
    "for_which_classes": [],
    "min_valid_object_sizes": "None",
    "num_samples": 3,
    "validation_final": "validation_raw_postprocessed",
    "validation_raw": "validation_raw"
}