{
    "dc_per_class_pp_all": {
        "1": 0.9088671685080411,
        "2": 0.9508597646369585,
        "3": 0.936919169850127
    },
    "dc_per_class_pp_per_class": {
        "1": 0.8289835411192472,
        "2": 0.9508768711643785,
        "3": 0.8876395080773088
    },
    "dc_per_class_raw": {
        "1": 0.9088671685080411,
        "2": 0.9508667002045678,
        "3": 0.936919169850127
    },
    "for_which_classes": [
        2
    ],
    "min_valid_object_sizes": "None",
    "num_samples": 3,
    "validation_final": "validation_raw_postprocessed",
    "validation_raw": "validation_raw"
}