{
    "dc_per_class_pp_all": {
        "1": 0.8950954864782686,
        "2": 0.9474909431476931,
        "3": 0.9439302442519475
    },
    "dc_per_class_pp_per_class": {
        "1": 0.8482514715512424,
        "2": 0.9474991385486186,
        "3": 0.8971681350662329
    },
    "dc_per_class_raw": {
        "1": 0.8950954864782686,
        "2": 0.9474873385412576,
        "3": 0.9439302442519475
    },
    "for_which_classes": [
        [
            1,
            2,
            3
        ],
        2
    ],
    "min_valid_object_sizes": "None",
    "num_samples": 3,
    "validation_final": "validation_raw_postprocessed",
    "validation_raw": "validation_raw"
}