{
    "dc_per_class_pp_all": {
        "1": 0.8926609633102552,
        "2": 0.9476809174695769,
        "3": 0.9433364133642833
    },
    "dc_per_class_pp_per_class": {
        "1": 0.8463875594407897,
        "2": 0.9476910976641285,
        "3": 0.8965243777877673
    },
    "dc_per_class_raw": {
        "1": 0.8926609633102552,
        "2": 0.9476742230544705,
        "3": 0.9433364133642833
    },
    "for_which_classes": [
        [
            1,
            2,
            3
        ],
        2
    ],
    "min_valid_object_sizes": "None",
    "num_samples": 3,
    "validation_final": "validation_raw_postprocessed",
    "validation_raw": "validation_raw"
}