{
    "dc_per_class_pp_all": {
        "1": 0.8742967804172989,
        "2": 0.9508445344957225,
        "3": 0.9346478145787483
    },
    "dc_per_class_pp_per_class": {
        "1": 0.7665903200034361,
        "2": 0.9508797109424014,
        "3": 0.8979885629230999
    },
    "dc_per_class_raw": {
        "1": 0.8742967804172989,
        "2": 0.9508439503157421,
        "3": 0.9346478145787483
    },
    "for_which_classes": [
        [
            1,
            2,
            3
        ],
        2
    ],
    "min_valid_object_sizes": "None",
    "num_samples": 3,
    "validation_final": "validation_raw_postprocessed",
    "validation_raw": "validation_raw"
}